Company name;Country / Area;;;
A.T. Kearney Holdings Limited;United Kingdom;;;
AB Ignitis grupė;Lithuania;;;
ABB;Switzerland;;;
ABDI IBRAHIM ILAC SANAYI VE TICARET ANONIM SIRKETI;Türkiye;;;
ABEAM CONSULTING LTD.;Japan;;;
Acbel Polytech Inc;Taiwan, China;;;
Accenture;Ireland;;;
ACCIONA S.A.;Spain;;;
Acer Inc.;Taiwan, China;;;
adidas AG;Germany;;;
ADM Elektrik Dağıtım AŞ;Türkiye;;;
Advance Residence Investment Corporation;Japan;;;
AENA SME SA;Spain;;;
Aeon Co., Ltd.;Japan;;;
Aguas Andinas SA;Chile;;;
Air France - KLM;France;;;
Aisin Corporation;Japan;;;
AKBANK T.A.Ş.;Türkiye;;;
AKÇANSA ÇİMENTO SANAYİ VE TİCARET A.Ş.;Türkiye;;;
AKKIM KIMYA SANAYI VE TICARET ANONIM SIRKETI;Türkiye;;;
AkzoNobel;Netherlands;;;
ALPS ALPINE CO LTD.;Japan;;;
Altri SGPS SA;Portugal;;;
Always (Shanghai) Marketing Services Co., Ltd;Mainland China;;;
Amaggi;Brazil;;;
Ambipar Participacoes e Empreendimentos;Brazil;;;
AMKOR TECHNOLOGY INC;United States of America;;;
AmorePacific Corporation;Korea (The Republic of);;;
ANA Holdings Inc.;Japan;;;
ANADOLU ISUZU OTOMOTİV SANAYİ VE TİCARET A.Ş.;Türkiye;;;
Anritsu Corporation;Japan;;;
Anta Sports Products Ltd;Hong Kong, China;;;
Aoyama Trading Co., Ltd.;Japan;;;
Aozora Bank, Ltd.;Japan;;;
APG SGA SA;Switzerland;;;
AptarGroup;United States of America;;;
ARÇELİK A.Ş.;Türkiye;;;
ARE Holdings, Inc.;Japan;;;
ARKEMA;France;;;
Asahi Group Holdings, Ltd.;Japan;;;
Asia Cement Corporation;Taiwan, China;;;
Asics Corporation;Japan;;;
Askul Corporation;Japan;;;
ASM International;Netherlands;;;
ASML Holding;Netherlands;;;
Astellas Pharma Inc.;Japan;;;
ASTM SpA;Italy;;;
AstraZeneca;United Kingdom;;;
ASUSTeK Computer Inc;Taiwan, China;;;
Atacadao SA;Brazil;;;
Atea ASA;Norway;;;
ATLANTICA SUSTAINABLE INFRASTRUCTURE LIMITED;United Kingdom;;;
AUO Corporation;Taiwan, China;;;
Autoneum Holding AG;Switzerland;;;
Autostrade per l'italia Spa;Italy;;;
AYDEM ELEKTRİK PERAKENDE SATIŞ ANONİM ŞİRKETİ;Türkiye;;;
AYDEM YENİLENEBİLİR ENERJİ A.Ş.;Türkiye;;;
BA Glass;Portugal;;;
Bain & Company;United States of America;;;
Banco Bradesco S/A;Brazil;;;
Banco de Bogota SA;Colombia;;;
Banco do Brasil S/A;Brazil;;;
Banco Santander Brasil SA;Brazil;;;
Bank of The Ryukyus, Limited;Japan;;;
Barratt Redrow Plc;United Kingdom;;;
Barry Callebaut AG;Switzerland;;;
BASF SE;Germany;;;
Bayer AG;Germany;;;
Beiersdorf Aktiengesellschaft;Germany;;;
Bekaert NV;Belgium;;;
BEL GROUP;France;;;
Berkeley Group;United Kingdom;;;
Berli Jucker PCL;Thailand;;;
Best Buy Co., Inc.;United States of America;;;
Bic Camera Inc;Japan;;;
Big Yellow Group;United Kingdom;;;
BIPROGY Inc.;Japan;;;
Bloomage Biotechnology Corporation Limited;Mainland China;;;
Boston Consulting Group;United States of America;;;
Brambles;Australia;;;
Braskem S/A;Brazil;;;
BREMBO N.V.;Italy;;;
BRF S.A;Brazil;;;
BRİSA BRIDGESTONE SABANCI LASTİK SAN. VE TİC. A.Ş;Türkiye;;;
British American Tobacco PLC;United Kingdom;;;
British Land Company;United Kingdom;;;
BT Group;United Kingdom;;;
Cairn Homes Plc;Ireland;;;
CaixaBank;Spain;;;
Canon Inc.;Japan;;;
Capgemini SE;France;;;
Carlsberg Breweries A/S;Denmark;;;
Carmila SA;France;;;
Carrefour;France;;;
CARREFOURSA CARREFOUR SABANCI TİCARET MERKEZİ A.Ş.;Türkiye;;;
CarUX Technology Pte. Ltd.;Singapore;;;
Cellnex Telecom SA;Spain;;;
Cementir Holding N.V.;Italy;;;
CEMEX;Mexico;;;
Centrais Eletricas Brasileiras S/A (ELETROBRAS);Brazil;;;
Chang Hwa Bank;Taiwan, China;;;
CHANG SHIN INC.;Korea (The Republic of);;;
Cheng Loong Corp;Taiwan, China;;;
Chicony Power Technology Co.,Ltd.;Taiwan, China;;;
Chiesi;Italy;;;
CHIMEI Corporation;Taiwan, China;;;
Chugai Pharmaceutical Co., Ltd.;Japan;;;
Chunghwa Telecom;Taiwan, China;;;
Cia Paranaense de Energia - COPEL;Brazil;;;
CIMKO CIMENTO VE BETON SANAYI TICARET ANONIM SIRKETI;Türkiye;;;
ÇİMSA ÇİMENTO SANAYİ VE TİCARET A.Ş.;Türkiye;;;
Cisco Systems, Inc.;United States of America;;;
Citizen Watch Co.,Ltd.;Japan;;;
City Developments Limited;Singapore;;;
CNH Industrial NV;United Kingdom;;;
COATS GROUP PLC;United Kingdom;;;
Coca-Cola Bottlers Japan Holdings Inc.;Japan;;;
Coca-Cola Europacific Partners;United Kingdom;;;
Coca-Cola HBC AG;Switzerland;;;
COCA-COLA İÇECEK A.Ş.;Türkiye;;;
Coesia SpA;Italy;;;
Comba Telecom Technology (Guangzhou) Limited;Mainland China;;;
COMLINE Computer + Softwarelösungen SE;Germany;;;
Companhia Energetica Minas Gerais - CEMIG;Brazil;;;
Comsys Holdings Corporation;Japan;;;
Concentrix;United States of America;;;
Constantia Flexibles International GmbH;Austria;;;
Construcciones & Auxiliar de Ferrocarriles;Spain;;;
Corbion;Netherlands;;;
Coretronic Group;Taiwan, China;;;
COSAN S.A.;Brazil;;;
Coty Inc.;United States of America;;;
Covivio;France;;;
CPFL Energia SA;Brazil;;;
Crédit Agricole;France;;;
Crédit Mutuel Arkéa;France;;;
CRH Plc;Ireland;;;
Crystal International Group Limited;Hong Kong, China;;;
CSN CIMENTOS BRASIL S/A;Brazil;;;
CSX Corporation;United States of America;;;
CT Engineering;Spain;;;
CTBC Financial Holding Co., Ltd;Taiwan, China;;;
CTT - Correios de Portugal SA;Portugal;;;
Dai Nippon Printing Co., Ltd.;Japan;;;
Daifuku Co., Ltd.;Japan;;;
Dai-ichi Life Holdings, Inc.;Japan;;;
Daiichi Sankyo Co., Ltd.;Japan;;;
Daikin Industries, Ltd.;Japan;;;
Daio Paper Corporation;Japan;;;
Daiseki Co., Ltd.;Japan;;;
Daishi Hokuetsu Financial Group;Japan;;;
Daiwa House REIT Investment Corporation;Japan;;;
DAIWA LEASE CO., LTD.;Japan;;;
Danone S.A.;France;;;
DaVita Inc.;United States of America;;;
DCC PLC;Ireland;;;
delfortgroup AG;Austria;;;
Delta Electronics, Inc.;Taiwan, China;;;
Denka Company Limited;Japan;;;
Denso Corporation;Japan;;;
Dentsu Group Inc.;Japan;;;
Deutsche Bahn AG;Germany;;;
Deutsche Telekom AG;Germany;;;
DIAM Group;France;;;
DMG MORI CO., LTD.;Japan;;;
dormakaba Holding AG;Switzerland;;;
Dr. Ing. h.c. F. Porsche AG;Germany;;;
Drax Group;United Kingdom;;;
DS Smith Plc;United Kingdom;;;
DSM-Firmenich AG;Switzerland;;;
DTS CORPORATION;Japan;;;
Duskin Co., Ltd.;Japan;;;
DXC Technology;United States of America;;;
E Ink Holdings Inc.;Taiwan, China;;;
E. SUN FINANCIAL HOLDING COMPANY, LTD.;Taiwan, China;;;
E.ON SE;Germany;;;
Eaton Corporation;United States of America;;;
Eaton Corporation;United States of America;;;
Ecolab Inc.;United States of America;;;
EDF;France;;;
EDP S.A.;Portugal;;;
EIKEN CHEMICAL CO.,LTD.;Japan;;;
Eisai Co., Ltd.;Japan;;;
EIZO Corporation;Japan;;;
EKOTEN TEKSTIL SANAYI VE TICARET ANONIM SIRKETI;Türkiye;;;
Electrolux;Sweden;;;
Elis;France;;;
Elkem ASA;Norway;;;
ELSAN ELEKTRIK GERECLERI SANAYI VE TICARET ANONIM SIRKETI;Türkiye;;;
Emerson Electric Co.;United States of America;;;
Empresas CMPC;Chile;;;
Enav;Italy;;;
EnBW Energie Baden-Württemberg AG;Germany;;;
Endesa;Spain;;;
ENEL S.p.A.;Italy;;;
ENERJİSA ENERJİ A.Ş.;Türkiye;;;
ENGIE Brasil Energia S.A.;Brazil;;;
Ennostar Inc.;Taiwan, China;;;
ENTEK ELEKTRIK URETIMI ANONIM SIRKETI;Türkiye;;;
Envision Group;Mainland China;;;
ERG S.p.A;Italy;;;
Ermenegildo Zegna NV;Italy;;;
Ernst & Young Global Ltd;United Kingdom;;;
Essentra;United Kingdom;;;
EssilorLuxottica;France;;;
Essity;Sweden;;;
FAGOR EDERLAN SOCIEDAD COOPERATIVA;Spain;;;
Fanuc Corporation;Japan;;;
Far Eastern New Century Corporation;Taiwan, China;;;
Far EasTone Telecommunications;Taiwan, China;;;
Fast Retailing Co., Ltd.;Japan;;;
Fedrigoni;Italy;;;
FENGSHI GROUP;Mainland China;;;
Fiba Yenilenebilir Enerji Holding A.Ş.;Türkiye;;;
First Financial Holding Co., Ltd.;Taiwan, China;;;
FMC Corp;United States of America;;;
Formosa Advanced Technologies Co., Ltd.;Taiwan, China;;;
Formosa Chemicals and Fibre Corporation;Taiwan, China;;;
Formosa Plastics Corporation;Taiwan, China;;;
Formosa Taffeta Co., Ltd.;Taiwan, China;;;
Fortum Oyj;Finland;;;
FORVIA;France;;;
Foxconn Industrial Internet;Mainland China;;;
Fubon Financial Holdings;Taiwan, China;;;
Fuji Electric Co., Ltd.;Japan;;;
FUJI OIL CO., LTD.;Japan;;;
FUJIFILM Holdings Corporation;Japan;;;
Fujita Corporation;Japan;;;
Fujitsu Limited;Japan;;;
Furukawa Electric Co., Ltd.;Japan;;;
Fuyo General Lease Co., Ltd.;Japan;;;
GDZ ELEKTRIK DAGITIM ANONIM SIRKETI;Türkiye;;;
GEA Group AG;Germany;;;
Gecina;France;;;
GEDİZ ELEKTRİK PERAKENDE SATIŞ ANONİM ŞİRKETİ;Türkiye;;;
General Interface Solution Limited;Taiwan, China;;;
Genpact Limited;Bermuda;;;
Geodis;France;;;
Georg Fischer;Switzerland;;;
Getlink;France;;;
Givaudan SA;Switzerland;;;
Glenveagh Properties Plc;Ireland;;;
GlobalWafers Co. Ltd;Taiwan, China;;;
GMO Payment Gateway, Inc.;Japan;;;
Gold Fields Limited;South Africa;;;
GOLDEN GOOSE;Italy;;;
Groupe Bruxelles Lambert SA;Belgium;;;
Groupe Fnac-Darty;France;;;
Groupe La Poste;France;;;
GRUPO CAJAMAR;Spain;;;
GRUPO FERRER INTERNACIONAL S.A.;Spain;;;
Grupo Riachuelo/Guararapes;Brazil;;;
Grupo Rotoplas S.A.B. de C.V.;Mexico;;;
Gruppo Ferrovie dello Stato;Italy;;;
GSK;United Kingdom;;;
H&M Hennes & Mauritz AB;Sweden;;;
H. Lundbeck A/S;Denmark;;;
HA Sustainable Infrastructure Capital, Inc.;United States of America;;;
Hanesbrands Inc.;United States of America;;;
Hang Lung Group;Hong Kong, China;;;
Hankook Tire & Technology Co., Ltd.;Korea (The Republic of);;;
Hanwha Corp.;Korea (The Republic of);;;
Haseko Corporation;Japan;;;
Hazama Ando Corporation;Japan;;;
HD Hyundai Construction Equipment Co., LTD.;Korea (The Republic of);;;
HD Hyundai Infracore;Korea (The Republic of);;;
Heidelberg Materials;Germany;;;
Heineken N.V.;Netherlands;;;
Heinzel Holding GmbH;Austria;;;
HEIWA REAL ESTATE CO.,LTD.;Japan;;;
HENGDIAN GROUP DMEGC MAGNETICS Co., LTD;Mainland China;;;
Henkel AG & Co. KGaA;Germany;;;
Hera;Italy;;;
Hewlett Packard Enterprise Company;United States of America;;;
Hilton Food Group plc;United Kingdom;;;
Hitachi Energy;Switzerland;;;
Hitachi High-Tech Corporation;Japan;;;
Hitachi, Ltd.;Japan;;;
Hokuetsu Corporation;Japan;;;
Holcim Ltd.;Switzerland;;;
Holmen;Sweden;;;
Honda Motor Co., Ltd.;Japan;;;
HP Inc;United States of America;;;
Hulic Co., Ltd.;Japan;;;
HUNAN RESUN Co., Ltd.;Mainland China;;;
Hyundai Department Store;Korea (The Republic of);;;
Hyundai E&C;Korea (The Republic of);;;
Hyundai Glovis Co Ltd;Korea (The Republic of);;;
Hyundai Motor Co;Korea (The Republic of);;;
Hyundai Rotem Company;Korea (The Republic of);;;
HYUNDAI WIA CORPORATION;Korea (The Republic of);;;
Iberdrola SA;Spain;;;
Ichigo Inc.;Japan;;;
ICL;Israel;;;
IGA HAVALIMANI ISLETMESI ANONIM SIRKETI;Türkiye;;;
ILJI TECH CO;Korea (The Republic of);;;
Imerys SA;France;;;
Imperial Brands;United Kingdom;;;
Inditex S.A.;Spain;;;
INDRA;Spain;;;
Industrial & Infrastructure Fund Investment Corporation;Japan;;;
Industrial Bank of Korea;Korea (The Republic of);;;
INFRONEER Holdings Inc.;Japan;;;
Ingersoll Rand Inc.;United States of America;;;
Inmobiliaria Colonial;Spain;;;
Innolux Corporation;Taiwan, China;;;
Intesa Sanpaolo S.p.A;Italy;;;
Inwit (Infrastrutture Wireless Italiane SpA);Italy;;;
Iochpe-Maxion SA;Brazil;;;
IPSEN;France;;;
Iren SpA;Italy;;;
Isetan Mitsukoshi Holdings Ltd.;Japan;;;
Italgas;Italy;;;
ITALMATCH CHEMICALS SPA;Italy;;;
Itaú Unibanco Holding S.A.;Brazil;;;
Itaúsa S.A.;Brazil;;;
Ito En, Ltd.;Japan;;;
ITOCHU Corporation;Japan;;;
ITV;United Kingdom;;;
Iveco Group N.V.;Italy;;;
J Sainsbury Plc;United Kingdom;;;
J. Front Retailing Co., Ltd.;Japan;;;
JA Solar Technology Co., Ltd.;Mainland China;;;
Japan Metropolitan Fund Investment;Japan;;;
Japan Post Bank;Japan;;;
Japan Post Holdings;Japan;;;
Japan Post Insurance;Japan;;;
Japan Real Estate Investment;Japan;;;
Japan Tobacco Inc.;Japan;;;
JCDECAUX SE;France;;;
JD Sports Fashion;United Kingdom;;;
Jerónimo Martins SGPS SA;Portugal;;;
John Sisk & Son (Holdings) Ltd;Ireland;;;
Johnson Controls International plc;Ireland;;;
Joshin Denki Co.,Ltd.;Japan;;;
JTEKT Corporation;Japan;;;
Jungheinrich AG;Germany;;;
Juroku Financial Group,Inc.;Japan;;;
JVCKENWOOD Corporation;Japan;;;
Kagome Co., Ltd.;Japan;;;
Kalmar Oyj;Finland;;;
Kaon Group Co., Ltd.;Korea (The Republic of);;;
Kasikornbank;Thailand;;;
Kaufman & Broad Sa;France;;;
KAUTEX TEXTRON GMBH & CO. KG;Germany;;;
Kawasaki Kisen Kaisha, Ltd.;Japan;;;
KB Financial Group;Korea (The Republic of);;;
KBC Groep;Belgium;;;
KBR Inc;United States of America;;;
KDDI Corporation;Japan;;;
Kering;France;;;
Kerry Group plc;Ireland;;;
Kewpie Corporation;Japan;;;
KGI Financial Holding Co., Ltd.;Taiwan, China;;;
Kier Group;United Kingdom;;;
Kikkoman Corporation;Japan;;;
Kingfa Sci. & Tech. Co., Ltd.;Mainland China;;;
Kingfisher;United Kingdom;;;
Kintetsu World Express, Inc.;Japan;;;
Kirin Holdings Co Ltd;Japan;;;
Kissei Pharmaceutical Co., Ltd.;Japan;;;
Klabin S/A;Brazil;;;
Klepierre;France;;;
Knorr-Bremse AG;Germany;;;
Kobe Steel, Ltd.;Japan;;;
Kojima Co.,Ltd.;Japan;;;
Kokusai Electric Corporation;Japan;;;
Kolon Industries, Inc.;Korea (The Republic of);;;
Komatsu Ltd.;Japan;;;
Kone Oyj;Finland;;;
Konecranes;Finland;;;
Konica Minolta, Inc.;Japan;;;
Koninklijke KPN NV (Royal KPN);Netherlands;;;
Koninklijke Philips NV;Netherlands;;;
KORDSA TEKNİK TEKSTİL A.Ş.;Türkiye;;;
Korea Midland Power;Korea (The Republic of);;;
Korea South-East Power;Korea (The Republic of);;;
KOROZO PACKAGING LTD;Türkiye;;;
KOSE Corporation;Japan;;;
KT&G;Korea (The Republic of);;;
Kubota Corporation;Japan;;;
Kumagai Gumi Co Ltd;Japan;;;
Kunshan Rihui Packing Articles Co., Ltd.;Mainland China;;;
KYB Corporation;Japan;;;
Kyocera Corporation;Japan;;;
La Banque Postale;France;;;
LAMI PACKAGING (KUNSHAN) CO., LTD.;Mainland China;;;
Landsec;United Kingdom;;;
LANSINOH LABORATORIES;United States of America;;;
LANXESS AG;Germany;;;
LCY CHEMICAL CORP. (LEE CHANG YUNG CHEMICAL INDUSTRY CORPORATION);Taiwan, China;;;
Legal and General;United Kingdom;;;
Legrand SA;France;;;
LENOVO GROUP LIMITED;Mainland China;;;
Lenzing AG;Austria;;;
Leonardo S.p.a;Italy;;;
LG Display;Korea (The Republic of);;;
LG Innotek;Korea (The Republic of);;;
LG Uplus;Korea (The Republic of);;;
LIMAK CIMENTO SANAYI VE TICARET ANONIM SIRKETI;Türkiye;;;
Lock&Lock Co. Ltd.;Korea (The Republic of);;;
Logitech Europe S.A.;Switzerland;;;
Lojas Renner S.A.;Brazil;;;
L'Oréal;France;;;
Lotte Fine Chemical;Korea (The Republic of);;;
Luxshare Precision Industry Co., Ltd.;Mainland China;;;
LVMH;France;;;
LY Corporation;Japan;;;
LyondellBasell Industries N.V.;United States of America;;;
MAHLE GmbH;Germany;;;
Maicerias Españolas S.A. (Dacsa Group);Spain;;;
MALLADI DRUGS AND PHARMACEUTICALS LIMITED;India;;;
Manila Water Company;Philippines;;;
MAPFRE;Spain;;;
MARCEGAGLIA STEEL SPA;Italy;;;
Marfrig Global Foods S/A;Brazil;;;
Marubeni Corporation;Japan;;;
Marui Group Co., Ltd.;Japan;;;
MATSUDA SANGYO Co.,Ltd.;Japan;;;
MAVİ GİYİM SANAYİ VE TİCARET A.Ş.;Türkiye;;;
Mayr-Melnhof Karton Aktiengesellschaft;Austria;;;
Mazda Motor Corporation;Japan;;;
McKinsey & Company, Inc.;United States of America;;;
Mega Financial Holding;Taiwan, China;;;
Meiji Yasuda Life Insurance Company;Japan;;;
Mercialys;France;;;
MERRY ELECTRONICS CO. LTD.;Taiwan, China;;;
Metsä Board Corporation;Finland;;;
Mettler-Toledo International Inc.;United States of America;;;
Michelin;France;;;
MİGROS TİCARET A.Ş.;Türkiye;;;
Minebea Mitsumi Inc.;Japan;;;
Mingfeng Packaging;Mainland China;;;
Mirae Asset Securities;Korea (The Republic of);;;
MITIE Group;United Kingdom;;;
MITSUBA CORPORATION;Japan;;;
MITSUBISHI CHEMICAL GROUP CORPORATION;Japan;;;
Mitsubishi Corporation;Japan;;;
Mitsubishi Electric Corporation;Japan;;;
Mitsubishi Estate Company Co., Ltd.;Japan;;;
Mitsubishi Estate Logistics REIT Investment Corporation;Japan;;;
Mitsubishi Materials Corporation;Japan;;;
Mitsui & Co., Ltd.;Japan;;;
Mitsui O.S.K. Lines Ltd;Japan;;;
Mizuho Financial Group, Inc.;Japan;;;
Mobico Group PLC;United Kingdom;;;
Mobile Telecommunications Co (Zain);Kuwait;;;
Moncler;Italy;;;
Mondelez International Inc;United States of America;;;
Mondi PLC;United Kingdom;;;
Moody's Corporation;United States of America;;;
Mori Building Co, Ltd.;Japan;;;
Morinaga Milk Industry Co., Ltd.;Japan;;;
Movida Participacoes SA;Brazil;;;
Mowi ASA;Norway;;;
MS&AD Insurance Group Holdings, Inc.;Japan;;;
MSCI;United States of America;;;
Mundys SpA;Italy;;;
Murata Mfg. Co.;Japan;;;
Musim Mas Holdings Pte Ltd;Indonesia;;;
Nabtesco Corporation;Japan;;;
NAKAYAMA STEEL WORKS, LTD.;Japan;;;
NAN YA PLASTICS CORPORATION;Taiwan, China;;;
NAN YA PRINTED CIRCUIT BOARD CORPORATION;Taiwan, China;;;
Nanya Technology Corp.;Taiwan, China;;;
Nasdaq, Inc;United States of America;;;
NATS HOLDINGS LIMITED;United Kingdom;;;
Naturgy Energy Group SA;Spain;;;
NatWest Group plc;United Kingdom;;;
NEC Capital Solutions Limited;Japan;;;
NEC Corporation;Japan;;;
Neoenergia S.A.;Brazil;;;
Nestlé;Switzerland;;;
New World Development;Hong Kong, China;;;
Nexans;France;;;
Nexi;Italy;;;
NGK Insulators, Ltd.;Japan;;;
NH Investment & Securities Co., Ltd.;Korea (The Republic of);;;
Nichicon Corporation;Japan;;;
Nichirei Corporation;Japan;;;
Nidec Corporation;Japan;;;
Nikon Corporation;Japan;;;
Nilfisk Holding A/S;Denmark;;;
Nippon Kayaku Co., Ltd.;Japan;;;
Nippon Life Insurance Company;Japan;;;
Nippon Sheet Glass Company, Ltd;Japan;;;
Nippon Shinyaku Co., Ltd.;Japan;;;
Nippon Yusen Kaisha (NYK Line);Japan;;;
Nissan Chemical Corporation;Japan;;;
Nissan Motor Co., Ltd.;Japan;;;
Nissha Co., Ltd.;Japan;;;
Niterra Co., Ltd.;Japan;;;
Nokia Group;Finland;;;
Nomura Research Institute, Ltd.;Japan;;;
Nos SGPS;Portugal;;;
Novartis;Switzerland;;;
Novozymes A/S;Denmark;;;
NSK Ltd.;Japan;;;
NTT DATA Group Corporation;Japan;;;
O-Bank Co., Ltd.;Taiwan, China;;;
Odakyu Electric Railway Co., Ltd.;Japan;;;
OKAMURA CORPORATION;Japan;;;
Ono Pharmaceutical Co., Ltd.;Japan;;;
Ontex Group NV;Belgium;;;
OPEN FIBER SPA;Italy;;;
OPMOBILITY SE;France;;;
OPTEX CO., LTD.;Japan;;;
Orient Corporation;Japan;;;
ORIX JREIT Inc.;Japan;;;
ORTEC EXPANSION;France;;;
Outokumpu Oyj;Finland;;;
PACCAR Inc;United States of America;;;
PACIFIC INDUSTRIAL CO.,LTD.;Japan;;;
PANASONIC HOLDINGS CORPORATION;Japan;;;
Pandora A/S;Denmark;;;
Parques Reunidos Group;Spain;;;
Pegatron Corporation;Taiwan, China;;;
Pennon Group;United Kingdom;;;
Penta-Ocean Construction Co Ltd;Japan;;;
PeptiDream Inc;Japan;;;
Pernod Ricard;France;;;
Pfizer Inc.;United States of America;;;
PGP Glass Private Limited;India;;;
Pola Orbis Holdings Inc.;Japan;;;
PostNL;Netherlands;;;
Powerchip Semiconductor Manufacturing Corp;Taiwan, China;;;
PricewaterhouseCoopers International Limited;United Kingdom;;;
PRIMAX ELECTRONICS Ltd.;Taiwan, China;;;
Proterial, Ltd.;Japan;;;
Proximus;Belgium;;;
Prysmian SpA;Italy;;;
PUIG Brands SA;Spain;;;
PUMA SE;Germany;;;
Qisda Corporation;Taiwan, China;;;
QNB BANK ANONIM SIRKETI;Türkiye;;;
Raybow (Suzhou) Pharmaceutical Co.,Ltd;Mainland China;;;
RAZER (ASIA-PACIFIC) PTE. LTD.;Singapore;;;
Reckitt Benckiser;United Kingdom;;;
RECRUIT HOLDINGS CO., LTD.;Japan;;;
RED ELÉCTRICA DE ESPAÑA, S.A.U.;Spain;;;
Reliance Jio Infocomm Limited;India;;;
REMA1000;Norway;;;
Remy Cointreau;France;;;
REN - Redes Energéticas Nacionais;Portugal;;;
ReNew Energy Global PLC;United Kingdom;;;
Restore plc;United Kingdom;;;
Rexel;France;;;
Ricoh Co., Ltd.;Japan;;;
Ricoh Leasing Co., Ltd.;Japan;;;
Robert Bosch GmbH;Germany;;;
ROHM Co., Ltd.;Japan;;;
RONESANS HOLDING ANONIM SIRKETI;Türkiye;;;
Royal BAM Group nv;Netherlands;;;
Royal Friesland Campina N.V.;Netherlands;;;
RS Group Plc;United Kingdom;;;
Ryanair Holdings PLC;Ireland;;;
SAAB AB;Sweden;;;
SABANCI HOLDİNG A.Ş.;Türkiye;;;
Sacyr;Spain;;;
Safaricom PLC;Kenya;;;
Safran;France;;;
Sage Group;United Kingdom;;;
Saint-Gobain;France;;;
Salvatore Ferragamo SpA;Italy;;;
Salzgitter AG;Germany;;;
Samsung Biologics Co Ltd;Korea (The Republic of);;;
Samsung C&T;Korea (The Republic of);;;
SAMSUNG E&A CO., LTD.;Korea (The Republic of);;;
Samsung Electro-Mechanics Co., Ltd.;Korea (The Republic of);;;
Samsung Electronics;Korea (The Republic of);;;
Samyang Corporation;Korea (The Republic of);;;
SANKI ENGINEERING CO.,LTD.;Japan;;;
SANOFI;France;;;
Sanoma;Finland;;;
Sanwa Holdings Corporation;Japan;;;
Sanyo Special Steel Co., Ltd.;Japan;;;
Sappi;South Africa;;;
Sapporo Holdings Limited;Japan;;;
SCA;Sweden;;;
Scandi Standard AB;Sweden;;;
SCB X PUBLIC COMPANY LIMITED;Thailand;;;
Schaeffler;Germany;;;
Schindler Holding AG;Switzerland;;;
Schneider Electric;France;;;
Schroders;United Kingdom;;;
Secom Co., Ltd.;Japan;;;
SEGRO;United Kingdom;;;
Seibu Holdings Inc.;Japan;;;
Seiko Epson Corporation;Japan;;;
Seiko Group Corporation;Japan;;;
ŞEKERBANK T.A.Ş.;Türkiye;;;
SEKISUI CHEMICAL CO.,LTD.;Japan;;;
Sekisui House Reit,Inc.;Japan;;;
Sekisui House, Ltd.;Japan;;;
Senior Plc;United Kingdom;;;
Serco Group;United Kingdom;;;
Severfield plc;United Kingdom;;;
Severn Trent;United Kingdom;;;
SG Holdings;Japan;;;
SGD PHARMA GROUP;France;;;
SHANDONG KEYUAN PHARMACEUTICAL;Mainland China;;;
Shanghai Jingzhi Gift Packaging Co., Ltd;Mainland China;;;
Shanghai LIBA Electronic Technology Co.,Ltd;Mainland China;;;
SHANGHAI RONG QING;Mainland China;;;
Shanying International Holdings Co Ltd;Mainland China;;;
SHENZHEN YUTO PACKAGING TECHNOLOGY CO LTD;Mainland China;;;
Shimadzu Corporation;Japan;;;
Shin Nippon Air Technologies Co.,Ltd.;Japan;;;
SHINAGAWA REFRACTORIES CO.,LTD.;Japan;;;
Shinhan Financial Group;Korea (The Republic of);;;
Shionogi & Co., Ltd.;Japan;;;
Shiseido Co., Ltd.;Japan;;;
Shizuoka Financial Group, Inc.;Japan;;;
SHS – Stahl-Holding-Saar;Germany;;;
Shui On Land Limited;Cayman Islands;;;
SHYA HSIN PACKAGING INDUSTRY(CHINA)CO.,LTD.;Mainland China;;;
Siemens AG;Germany;;;
Siemens Energy AG;Germany;;;
Signify N.V.;Netherlands;;;
SIIX Corporation;Japan;;;
Siltronic AG;Germany;;;
Sino American Silicon Products;Taiwan, China;;;
Sino Land;Hong Kong, China;;;
SinoPac Financial Holdings Co. Ltd.;Taiwan, China;;;
SK Chemicals;Korea (The Republic of);;;
SK Discovery;Korea (The Republic of);;;
SK Gas Co., Ltd;Korea (The Republic of);;;
SK Hynix;Korea (The Republic of);;;
SK Networks Co., Ltd.;Korea (The Republic of);;;
SK Siltron Co., Ltd.;Korea (The Republic of);;;
SK SQUARE;Korea (The Republic of);;;
SKF;Sweden;;;
Skylark Holdings Co., Ltd.;Japan;;;
SLC Agricola SA;Brazil;;;
SMC Corporation;Japan;;;
SMCP SA;France;;;
Snam S.P.A;Italy;;;
Snap Inc.;United States of America;;;
SNCF;France;;;
SOCIEDAD ANONIMA INDUSTRIAS CELULOSA ARAGONESA;Spain;;;
SOCIETE GENERALE;France;;;
Societe Pour L'Informatique;France;;;
Sodexo;France;;;
SoftBank Corp.;Japan;;;
Sojitz Corporation;Japan;;;
Solar AS;Denmark;;;
SOLiD, Inc.;Korea (The Republic of);;;
Sompo Holdings, Inc;Japan;;;
SONAE MC;Portugal;;;
Sonae SGPS;Portugal;;;
Sony Group Corporation;Japan;;;
Sopra Steria Group;France;;;
Spirax Group plc;United Kingdom;;;
Standard Chartered;United Kingdom;;;
STARHUB LTD.;Singapore;;;
Starts Corporation Inc.;Japan;;;
Stora Enso Oyj;Finland;;;
Sumco Corporation;Japan;;;
Sumitomo Bakelite Company Limited;Japan;;;
Sumitomo Forestry Co., Ltd.;Japan;;;
Sumitomo Heavy Industries. Ltd.;Japan;;;
Sumitomo Life Insurance Company;Japan;;;
Sumitomo Metal Mining Co., Ltd.;Japan;;;
SUMITOMO MITSUI CONSTRUCTION CO.,LTD.;Japan;;;
Sumitomo Pharma Co., Ltd.;Japan;;;
Sumitomo Rubber Industries, Ltd.;Japan;;;
Sumitomo Seika Chemicals Co. Ltd.;Japan;;;
Summerset Group Holdings;New Zealand;;;
Suntory Holdings Limited;Japan;;;
Suzano Papel & Celulose;Brazil;;;
Suzhou Advance Printing Co., Ltd.;Mainland China;;;
Swire Pacific;Hong Kong, China;;;
Swiss Post;Switzerland;;;
Swiss Steel Holding AG;Switzerland;;;
Swisscom;Switzerland;;;
Syensqo;Belgium;;;
SYNECHRON INC;India;;;
Sysmex Corporation;Japan;;;
T. İŞ BANKASI A.Ş.;Türkiye;;;
T.C. ZİRAAT BANKASI A.Ş.;Türkiye;;;
T.GARANTİ BANKASI A.Ş.;Türkiye;;;
T.SINAİ KALKINMA BANKASI A.Ş.;Türkiye;;;
Taisei Corporation;Japan;;;
TS Financial Holding Co., Ltd.;Taiwan, China;;;
Taiwan Business Bank;Taiwan, China;;;
Taiwan Cooperative Financial Holdings;Taiwan, China;;;
TAIYO YUDEN CO., LTD.;Japan;;;
Takasago Thermal Engineering Co., Ltd.;Japan;;;
Takenaka Corporation;Japan;;;
Tapestry Inc;United States of America;;;
Tarkett;France;;;
Taylor Wimpey Plc;United Kingdom;;;
TCC Group Holdings CO., LTD.;Taiwan, China;;;
TCL China Star Optoelectronics Technology Co., Ltd.;Mainland China;;;
TDK Corporation;Japan;;;
TECO Electric & Machinery Co., Ltd.;Taiwan, China;;;
TEKKEN CORPORATION;Japan;;;
Tele2 AB;Sweden;;;
Telefonica Brasil S.A.;Brazil;;;
Telefónica S.A.;Spain;;;
Telekom Austria AG;Austria;;;
Telia Company AB;Sweden;;;
Temenos AG;Switzerland;;;
Temsa Skoda Sabancı Ulaşım Araçları A.Ş.;Türkiye;;;
Terumo Corporation;Japan;;;
Tesa SE;Germany;;;
Thai Beverage PCL;Thailand;;;
Thales;France;;;
The Chiba Bank, Ltd.;Japan;;;
The Chiba Kogyo Bank, Ltd.;Japan;;;
The Dow Chemical Company;United States of America;;;
The Edrington Group;United Kingdom;;;
The Gunma Bank, Ltd.;Japan;;;
The Hachijuni Bank, Ltd.;Japan;;;
The Hyakujushi Bank, Ltd.;Japan;;;
The Navigator Company;Portugal;;;
The Nisshin OilliO Group,Ltd.;Japan;;;
thyssenkrupp AG;Germany;;;
TietoEVRY Oyj;Finland;;;
TIM Brasil;Brazil;;;
TIS Inc.;Japan;;;
Titan S.A.;Cyprus;;;
TK Elevator GmbH;Germany;;;
TOA CORPORATION - 1885 JP;Japan;;;
Toda Corporation;Japan;;;
Tokio Marine Holdings, Inc.;Japan;;;
Tokyo Electron Ltd.;Japan;;;
Tokyo Tatemono Co., Ltd.;Japan;;;
Tokyu Construction Co., Ltd.;Japan;;;
Tokyu Corporation;Japan;;;
Tokyu Fudosan Holdings Corporation;Japan;;;
TOPY INDUSTRIES.LIMITED;Japan;;;
Toshiba Corporation;Japan;;;
Toto Ltd.;Japan;;;
Toyo Tire Corporation;Japan;;;
Toyobo Co., Ltd.;Japan;;;
Toyota Motor Corporation;Japan;;;
Toyota Tsusho Corporation;Japan;;;
TPV Technology Limited;Mainland China;;;
Trane Technologies;United States of America;;;
TRC Companies, Inc.;United States of America;;;
Trivium Packaging B.V;Netherlands;;;
True Corporation;Thailand;;;
TSUMURA & CO.;Japan;;;
Tubacex;Spain;;;
TUI Group;Germany;;;
TÜRK HAVACILIK VE UZAY SANAYİİ A.Ş.;Türkiye;;;
TÜRK TELEKOMÜNİKASYON A.Ş.;Türkiye;;;
TÜRKİYE HALK BANKASI A.Ş.;Türkiye;;;
TURKIYE VAKIFLAR BANKASI TURK ANONIM ORTAKLIGI;Türkiye;;;
UBS Group AG;Switzerland;;;
UCB SA;Belgium;;;
Unite Group;United Kingdom;;;
United Group B.V.;Netherlands;;;
United Microelectronics;Taiwan, China;;;
UPM-Kymmene Corporation;Finland;;;
Valeo Sa;France;;;
Vanguard International Semiconductor Corporation;Taiwan, China;;;
Vattenfall Group;Sweden;;;
Veidekke ASA;Norway;;;
VEOLIA ENVIRONNEMENT;France;;;
Verescence;France;;;
VERSION 1 HOLDINGS LIMITED;Ireland;;;
VESTEL BEYAZ EŞYA SANAYİ VE TİCARET A.Ş.;Türkiye;;;
VESTEL ELEKTRONİK SANAYİ VE TİCARET A.Ş.;Türkiye;;;
VINCI;France;;;
Virtusa Corporation;United States of America;;;
Vodafone Group;United Kingdom;;;
voestalpine AG;Austria;;;
Volvo Car Group;Sweden;;;
Vontier Corp;United States of America;;;
Votorantim Cimentos;Brazil;;;
Wacker Chemie AG;Germany;;;
Waste Management, Inc.;United States of America;;;
WE Soda Group;United Kingdom;;;
WEATHERNEWS INC.;Japan;;;
Webuild S.p.A.;Italy;;;
Weir Group;United Kingdom;;;
Western Refrigeration;India;;;
WILLMOTT DIXON LTD;United Kingdom;;;
WILO;Germany;;;
Win Semiconductors Corp;Taiwan, China;;;
Winbond Electronics Corp;Taiwan, China;;;
Wistron Corp;Taiwan, China;;;
Wiwynn Corporation;Taiwan, China;;;
WNC Corporation;Taiwan, China;;;
Worldline SA;France;;;
Wus Printed Circuit (Kunshan) Co., Ltd.;Mainland China;;;
WuXi AppTec Co., Ltd.;Mainland China;;;
WuXi Biologics (Cayman) Inc;Mainland China;;;
Xerox Corporation;United States of America;;;
XP Power;Singapore;;;
Xylem Inc;United States of America;;;
Yageo Corporation;Taiwan, China;;;
Yakult Honsha Co Ltd.;Japan;;;
Yamaha Corporation;Japan;;;
YAMASHIN-FILTER CORP.;Japan;;;
Yamato Holdings Co., Ltd.;Japan;;;
YAPI VE KREDİ BANKASI A.Ş.;Türkiye;;;
YKK;Japan;;;
Yokogawa Electric Corporation;Japan;;;
Yokohama Financial Group, Inc.;Japan;;;
Yuanta Financial Holdings;Taiwan, China;;;
ZF Group;Germany;;;
Zhejiang Raybow Pharmaceutical Co., Ltd.;Mainland China;;;
Zhejiang Z&Z Industrial Co., Ltd;Mainland China;;;
Zimmer Biomet Holdings, Inc.;United States of America;;;
ZORLU ENERJİ ELEKTRİK ÜRETİM A.Ş.;Türkiye;;;
ZOZO, Inc.;Japan;;;
ZRP Printing (Kunshan) Company Limited;Mainland China;;;
ZTE Corporation;Mainland China;;;
ZUELLIG PHARMA HOLDINGS PTE LTD;Singapore;;;